name,edibility_raw,edibility_label,url
Agaricus abruptibulbus,Edible,edible,https://rogersmushrooms.com/gallery/DisplayBlock_bid_5473_gid__source_gallerydefault.html
Agaricus arvensis,Edible,edible,https://rogersmushrooms.com/gallery/DisplayBlock_bid_5476_gid__source_gallerydefault.html
Agaricus augustus,Choice,edible,https://rogersmushrooms.com/gallery/DisplayBlock_bid_5477_gid__source_gallerydefault.html
Agaricus bernardii,Edible,edible,https://rogersmushrooms.com/gallery/DisplayBlock_bid_5478_gid__source_gallerydefault.html
Agaricus bisporus,Choice,edible,https://rogersmushrooms.com/gallery/DisplayBlock_bid_5479_gid__source_gallerydefault.html
Agaricus bitorquis,Edible,edible,https://rogersmushrooms.com/gallery/DisplayBlock_bid_5480_gid__source_gallerydefault.html
Agaricus bohusii,Choice,edible,https://rogersmushrooms.com/gallery/DisplayBlock_bid_12051_gid__source_gallerydefault.html
Agaricus campestris,Choice,edible,https://rogersmushrooms.com/gallery/DisplayBlock_bid_5482_gid__source_gallerydefault.html
Agaricus comtulus,Edible,edible,https://rogersmushrooms.com/gallery/DisplayBlock_bid_5483_gid__source_gallerydefault.html
Agaricus devoniensis,Edible,edible,https://rogersmushrooms.com/gallery/DisplayBlock_bid_5484_gid__source_gallerydefault.html
Agaricus diminutivus,Inedible,edible,https://rogersmushrooms.com/gallery/DisplayBlock_bid_5485_gid__source_gallerydefault.html
Agaricus excellens,Edible,edible,https://rogersmushrooms.com/gallery/DisplayBlock_bid_5486_gid__source_gallerydefault.html
Agaricus langei,Choice,edible,https://rogersmushrooms.com/gallery/DisplayBlock_bid_5487_gid__source_gallerydefault.html
Agaricus leucotrichus,Edible,edible,https://rogersmushrooms.com/gallery/DisplayBlock_bid_5488_gid__source_gallerydefault.html
Agaricus littoralis,Edible,edible,https://rogersmushrooms.com/gallery/DisplayBlock_bid_5709_gid__source_gallerydefault.html
Agaricus macrosporus,Edible,edible,https://rogersmushrooms.com/gallery/DisplayBlock_bid_5490_gid__source_gallerydefault.html
Agaricus micromegethus,Edible,edible,https://rogersmushrooms.com/gallery/DisplayBlock_bid_5491_gid__source_gallerydefault.html
Agaricus pilatianus,Poisonous/Suspect,poisonous,https://rogersmushrooms.com/gallery/DisplayBlock_bid_5493_gid__source_gallerydefault.html
Agaricus pocillator,Poisonous/Suspect,poisonous,https://rogersmushrooms.com/gallery/DisplayBlock_bid_5492_gid__source_gallerydefault.html
Agaricus porphyrizon,Poisonous/Suspect,poisonous,https://rogersmushrooms.com/gallery/DisplayBlock_bid_5495_gid__source_gallerydefault.html
Agaricus porphyrocephalus,Inedible,edible,https://rogersmushrooms.com/gallery/DisplayBlock_bid_5496_gid__source_gallerydefault.html
Agaricus praeclaresquamosus,Poisonous/Suspect,poisonous,https://rogersmushrooms.com/gallery/DisplayBlock_bid_5497_gid__source_gallerydefault.html
Agaricus semotus,Poisonous/Suspect,poisonous,https://rogersmushrooms.com/gallery/DisplayBlock_bid_5498_gid__source_gallerydefault.html
Agaricus silvicola,Edible,edible,https://rogersmushrooms.com/gallery/DisplayBlock_bid_5501_gid__source_gallerydefault.html
Agaricus subrutilescens,Edible,edible,https://rogersmushrooms.com/gallery/DisplayBlock_bid_5499_gid__source_gallerydefault.html
Agaricus vaporarius,Poisonous/Suspect,poisonous,https://rogersmushrooms.com/gallery/DisplayBlock_bid_5502_gid__source_gallerydefault.html
Agaricus xanthodermus,Poisonous/Suspect,poisonous,https://rogersmushrooms.com/gallery/DisplayBlock_bid_5503_gid__source_gallerydefault.html
Agrocybe acericola,Poisonous/Suspect,poisonous,https://rogersmushrooms.com/gallery/DisplayBlock_bid_5504_gid__source_gallerydefault.html
Agrocybe cylindracea,Edible,edible,https://rogersmushrooms.com/gallery/DisplayBlock_bid_5505_gid__source_gallerydefault.html
Agrocybe dura,Inedible,edible,https://rogersmushrooms.com/gallery/DisplayBlock_bid_5506_gid__source_gallerydefault.html
Agrocybe erebia,Inedible,edible,https://rogersmushrooms.com/gallery/DisplayBlock_bid_5507_gid__source_gallerydefault.html
Agrocybe paludosa,Inedible,edible,https://rogersmushrooms.com/gallery/DisplayBlock_bid_5508_gid__source_gallerydefault.html
Calocera furcata,Inedible,edible,https://rogersmushrooms.com/gallery/DisplayBlock_bid_12144_gid__source_gallerydefault.html
Calocera glossoides,Inedible,edible,https://rogersmushrooms.com/gallery/DisplayBlock_bid_5700_gid__source_gallerydefault.html
Calocera viscosa,Inedible,edible,https://rogersmushrooms.com/gallery/DisplayBlock_bid_12066_gid__source_gallerydefault.html
Calocybe carnea,Edible,edible,https://rogersmushrooms.com/gallery/DisplayBlock_bid_5696_gid__source_gallerydefault.html
Caloscypha fulgens,Inedible,edible,https://rogersmushrooms.com/gallery/DisplayBlock_bid_5698_gid__source_gallerydefault.html
Calostoma cinnabarina,Inedible,edible,https://rogersmushrooms.com/gallery/DisplayBlock_bid_5699_gid__source_gallerydefault.html
Calvatia cyathiformis,Edible,edible,https://rogersmushrooms.com/gallery/DisplayBlock_bid_5701_gid__source_gallerydefault.html
Calvatia excipuliformis,Edible,edible,https://rogersmushrooms.com/gallery/DisplayBlock_bid_5702_gid__source_gallerydefault.html
Calvatia utriformis,Edible,edible,https://rogersmushrooms.com/gallery/DisplayBlock_bid_5703_gid__source_gallerydefault.html
Cantharellula umbonata,Inedible,edible,https://rogersmushrooms.com/gallery/DisplayBlock_bid_5706_gid__source_gallerydefault.html
Cantharellus amethysteus,Edible,edible,https://rogersmushrooms.com/gallery/DisplayBlock_bid_5708_gid__source_gallerydefault.html
Cantharellus cibarius,Choice,edible,https://rogersmushrooms.com/gallery/DisplayBlock_bid_5710_gid__source_gallerydefault.html
Cantharellus luteocomus,Inedible,edible,https://rogersmushrooms.com/gallery/DisplayBlock_bid_5718_gid__source_gallerydefault.html
Cantharellus tubaeformis,Edible,edible,https://rogersmushrooms.com/gallery/DisplayBlock_bid_5721_gid__source_gallerydefault.html
Cantharellus minor,Edible,edible,https://rogersmushrooms.com/gallery/DisplayBlock_bid_5719_gid__source_gallerydefault.html
Cantharellus subalbidus,Choice,edible,https://rogersmushrooms.com/gallery/DisplayBlock_bid_5720_gid__source_gallerydefault.html
Capitotricha bicolor,Inedible,edible,https://rogersmushrooms.com/gallery/DisplayBlock_bid_12128_gid__source_gallerydefault.html
Catathelasma imperialis,Edible,edible,https://rogersmushrooms.com/gallery/DisplayBlock_bid_5723_gid__source_gallerydefault.html
Catathelasma ventricosa,Edible,edible,https://rogersmushrooms.com/gallery/DisplayBlock_bid_5724_gid__source_gallerydefault.html
Ceriporiopsis gilvescens,Inedible,edible,https://rogersmushrooms.com/gallery/DisplayBlock_bid_5725_gid__source_gallerydefault.html
Cerrena unicolor,Inedible,edible,https://rogersmushrooms.com/gallery/DisplayBlock_bid_5726_gid__source_gallerydefault.html
Chamaemyces fracidus,Inedible,edible,https://rogersmushrooms.com/gallery/DisplayBlock_bid_5727_gid__source_gallerydefault.html
Chlorociboria aeruginascens,Inedible,edible,https://rogersmushrooms.com/gallery/DisplayBlock_bid_5728_gid__source_gallerydefault.html
Chlorophyllum molybdites,Poisonous/Suspect,poisonous,https://rogersmushrooms.com/gallery/DisplayBlock_bid_5729_gid__source_gallerydefault.html
Choiromyces gangliformis,Edible,edible,https://rogersmushrooms.com/gallery/DisplayBlock_bid_6940_gid__source_gallerydefault.html
Chondostereum purpureum,Inedible,edible,https://rogersmushrooms.com/gallery/DisplayBlock_bid_5731_gid__source_gallerydefault.html
Datronia mollis,Inedible,edible,https://rogersmushrooms.com/gallery/DisplayBlock_bid_5682_gid__source_gallerydefault.html
Diatrype disciformis,Inedible,edible,https://rogersmushrooms.com/gallery/DisplayBlock_bid_5689_gid__source_gallerydefault.html
Echinodontium tinctorium,Inedible,edible,https://rogersmushrooms.com/gallery/DisplayBlock_bid_5902_gid__source_gallerydefault.html
Elaphomyces muricatus,Inedible,edible,https://rogersmushrooms.com/gallery/DisplayBlock_bid_5903_gid__source_gallerydefault.html
Encoelia furfuracea,Inedible,edible,https://rogersmushrooms.com/gallery/DisplayBlock_bid_12107_gid__source_gallerydefault.html
Endoptychum agaricoides,Poisonous/Suspect,poisonous,https://rogersmushrooms.com/gallery/DisplayBlock_bid_5904_gid__source_gallerydefault.html
Entoloma abortivum,Poisonous/Suspect,poisonous,https://rogersmushrooms.com/gallery/DisplayBlock_bid_5905_gid__source_gallerydefault.html
Entoloma alboumbonatum,Inedible,edible,https://rogersmushrooms.com/gallery/DisplayBlock_bid_5906_gid__source_gallerydefault.html
Entoloma aprile,Poisonous/Suspect,poisonous,https://rogersmushrooms.com/gallery/DisplayBlock_bid_5907_gid__source_gallerydefault.html
Entoloma cetratum,Poisonous/Suspect,poisonous,https://rogersmushrooms.com/gallery/DisplayBlock_bid_12102_gid__source_gallerydefault.html
Entoloma euchroum,Deadly,unknown,https://rogersmushrooms.com/gallery/DisplayBlock_bid_5909_gid__source_gallerydefault.html
Entoloma griseum,Poisonous/Suspect,poisonous,https://rogersmushrooms.com/gallery/DisplayBlock_bid_5910_gid__source_gallerydefault.html
Entoloma incanum,Poisonous/Suspect,poisonous,https://rogersmushrooms.com/gallery/DisplayBlock_bid_5911_gid__source_gallerydefault.html
Entoloma lazulinum,Poisonous/Suspect,poisonous,https://rogersmushrooms.com/gallery/DisplayBlock_bid_5912_gid__source_gallerydefault.html
Entoloma murraii,Poisonous/Suspect,poisonous,https://rogersmushrooms.com/gallery/DisplayBlock_bid_5913_gid__source_gallerydefault.html
Entoloma nidorosum,Poisonous/Suspect,poisonous,https://rogersmushrooms.com/gallery/DisplayBlock_bid_5914_gid__source_gallerydefault.html
Entoloma rhodopolium,Poisonous/Suspect,poisonous,https://rogersmushrooms.com/gallery/DisplayBlock_bid_5915_gid__source_gallerydefault.html
Entoloma saundersii,Poisonous/Suspect,poisonous,https://rogersmushrooms.com/gallery/DisplayBlock_bid_5917_gid__source_gallerydefault.html
Entoloma serrulatum,Poisonous/Suspect,poisonous,https://rogersmushrooms.com/gallery/DisplayBlock_bid_5919_gid__source_gallerydefault.html
Entoloma strictipes,Poisonous/Suspect,poisonous,https://rogersmushrooms.com/gallery/DisplayBlock_bid_5921_gid__source_gallerydefault.html
Entoloma vernum,Poisonous/Suspect,poisonous,https://rogersmushrooms.com/gallery/DisplayBlock_bid_12101_gid__source_gallerydefault.html
Exidia cartilaginea,Inedible,edible,https://rogersmushrooms.com/gallery/DisplayBlock_bid_12106_gid__source_gallerydefault.html
Exidia glandulosa,Inedible,edible,https://rogersmushrooms.com/gallery/DisplayBlock_bid_5923_gid__source_gallerydefault.html
Exidia pithya,Inedible,edible,https://rogersmushrooms.com/gallery/DisplayBlock_bid_12104_gid__source_gallerydefault.html
Exidia recisa,Inedible,edible,https://rogersmushrooms.com/gallery/DisplayBlock_bid_12103_gid__source_gallerydefault.html
Exidia thuretiana,Inedible,edible,https://rogersmushrooms.com/gallery/DisplayBlock_bid_12109_gid__source_gallerydefault.html
Exobasidium vaccinii,Inedible,edible,https://rogersmushrooms.com/gallery/DisplayBlock_bid_5924_gid__source_gallerydefault.html
Faerberia carbonaria,Inedible,edible,https://rogersmushrooms.com/gallery/DisplayBlock_bid_12125_gid__source_gallerydefault.html
Fistulina hepatica,Choice,edible,https://rogersmushrooms.com/gallery/DisplayBlock_bid_5925_gid__source_gallerydefault.html
Flammulina velutipes,Choice,edible,https://rogersmushrooms.com/gallery/DisplayBlock_bid_5832_gid__source_gallerydefault.html
Flavoscypha cantharella,Inedible,edible,https://rogersmushrooms.com/gallery/DisplayBlock_bid_5926_gid__source_gallerydefault.html
Flocculina granulosa,Inedible,edible,https://rogersmushrooms.com/gallery/DisplayBlock_bid_5927_gid__source_gallerydefault.html
Fomes fomentarius,Inedible,edible,https://rogersmushrooms.com/gallery/DisplayBlock_bid_5928_gid__source_gallerydefault.html
Fomitopsis cajanderi,Inedible,edible,https://rogersmushrooms.com/gallery/DisplayBlock_bid_5929_gid__source_gallerydefault.html
Fomitopsis pinicola,Inedible,edible,https://rogersmushrooms.com/gallery/DisplayBlock_bid_5930_gid__source_gallerydefault.html
Fuscoboletinus aeruginascens,Edible,edible,https://rogersmushrooms.com/gallery/DisplayBlock_bid_5931_gid__source_gallerydefault.html
Galerina marginata,Poisonous/Suspect,poisonous,https://rogersmushrooms.com/gallery/DisplayBlock_bid_12131_gid__source_gallerydefault.html
Galerina mniophila,Poisonous/Suspect,poisonous,https://rogersmushrooms.com/gallery/DisplayBlock_bid_5935_gid__source_gallerydefault.html
Galerina mycenopsis,Poisonous/Suspect,poisonous,https://rogersmushrooms.com/gallery/DisplayBlock_bid_5937_gid__source_gallerydefault.html
Galerina pallidispora,Poisonous/Suspect,poisonous,https://rogersmushrooms.com/gallery/DisplayBlock_bid_5938_gid__source_gallerydefault.html
Galerina paludosa,Poisonous/Suspect,poisonous,https://rogersmushrooms.com/gallery/DisplayBlock_bid_12129_gid__source_gallerydefault.html
Galerina phillipsii,Poisonous/Suspect,poisonous,https://rogersmushrooms.com/gallery/DisplayBlock_bid_5939_gid__source_gallerydefault.html
Geastrum coronatum,Inedible,edible,https://rogersmushrooms.com/gallery/DisplayBlock_bid_5946_gid__source_gallerydefault.html
Geastrum floriforme,Inedible,edible,https://rogersmushrooms.com/gallery/DisplayBlock_bid_5947_gid__source_gallerydefault.html
Geastrum fornicatum,Inedible,edible,https://rogersmushrooms.com/gallery/DisplayBlock_bid_5948_gid__source_gallerydefault.html
Geastrum nanum,Inedible,edible,https://rogersmushrooms.com/gallery/DisplayBlock_bid_5949_gid__source_gallerydefault.html
Geastrum pectinatum,Inedible,edible,https://rogersmushrooms.com/gallery/DisplayBlock_bid_5950_gid__source_gallerydefault.html
Geastrum quadrifidum,Inedible,edible,https://rogersmushrooms.com/gallery/DisplayBlock_bid_5951_gid__source_gallerydefault.html
Geastrum saccatum,Inedible,edible,https://rogersmushrooms.com/gallery/DisplayBlock_bid_5953_gid__source_gallerydefault.html
Geastrum sessile,Inedible,edible,https://rogersmushrooms.com/gallery/DisplayBlock_bid_5954_gid__source_gallerydefault.html
Geastrum striatum,Inedible,edible,https://rogersmushrooms.com/gallery/DisplayBlock_bid_12136_gid__source_gallerydefault.html
Geastrum triplex,Inedible,edible,https://rogersmushrooms.com/gallery/DisplayBlock_bid_5955_gid__source_gallerydefault.html
Geoglossum cookeianum,Inedible,edible,https://rogersmushrooms.com/gallery/DisplayBlock_bid_5341_gid__source_gallerydefault.html
Geoglossum difforme,Inedible,edible,https://rogersmushrooms.com/gallery/DisplayBlock_bid_5956_gid__source_gallerydefault.html
Geopixis carbonaria,Inedible,edible,https://rogersmushrooms.com/gallery/DisplayBlock_bid_12140_gid__source_gallerydefault.html
Gerronema chrysophylla,Inedible,edible,https://rogersmushrooms.com/gallery/DisplayBlock_bid_5957_gid__source_gallerydefault.html
Gerronema strombodes,Inedible,edible,https://rogersmushrooms.com/gallery/DisplayBlock_bid_5958_gid__source_gallerydefault.html
Gloeophyllum oderatum,Inedible,edible,https://rogersmushrooms.com/gallery/DisplayBlock_bid_12145_gid__source_gallerydefault.html
Gloeophyllum protractum,Inedible,edible,https://rogersmushrooms.com/gallery/DisplayBlock_bid_5959_gid__source_gallerydefault.html
Gloeophyllum sepiarium,Inedible,edible,https://rogersmushrooms.com/gallery/DisplayBlock_bid_5960_gid__source_gallerydefault.html
Gloeoporus dichrous,Inedible,edible,https://rogersmushrooms.com/gallery/DisplayBlock_bid_5961_gid__source_gallerydefault.html
Gomphidius glutinosus,Inedible,edible,https://rogersmushrooms.com/gallery/DisplayBlock_bid_5962_gid__source_gallerydefault.html
Gomphidius maculatus,Inedible,edible,https://rogersmushrooms.com/gallery/DisplayBlock_bid_5963_gid__source_gallerydefault.html
Gomphidius oregonensis,Inedible,edible,https://rogersmushrooms.com/gallery/DisplayBlock_bid_5964_gid__source_gallerydefault.html
Gomphidius roseus,Inedible,edible,https://rogersmushrooms.com/gallery/DisplayBlock_bid_5965_gid__source_gallerydefault.html
Hapalopilus nidulans,Inedible,edible,https://rogersmushrooms.com/gallery/DisplayBlock_bid_5990_gid__source_gallerydefault.html
Hebeloma edurum,Poisonous/Suspect,poisonous,https://rogersmushrooms.com/gallery/DisplayBlock_bid_5992_gid__source_gallerydefault.html
Hebeloma illicitum,Poisonous/Suspect,poisonous,https://rogersmushrooms.com/gallery/DisplayBlock_bid_5993_gid__source_gallerydefault.html
Hebeloma mesophaeum,Poisonous/Suspect,poisonous,https://rogersmushrooms.com/gallery/DisplayBlock_bid_5994_gid__source_gallerydefault.html
Hebeloma pusillum,Poisonous/Suspect,poisonous,https://rogersmushrooms.com/gallery/DisplayBlock_bid_5995_gid__source_gallerydefault.html
Hebeloma sacchariolens,Poisonous/Suspect,poisonous,https://rogersmushrooms.com/gallery/DisplayBlock_bid_5997_gid__source_gallerydefault.html
Hebeloma sterlingii,Poisonous/Suspect,poisonous,https://rogersmushrooms.com/gallery/DisplayBlock_bid_5999_gid__source_gallerydefault.html
Hebeloma strophosum,Poisonous/Suspect,poisonous,https://rogersmushrooms.com/gallery/DisplayBlock_bid_6000_gid__source_gallerydefault.html
Hebeloma truncatum,Poisonous/Suspect,poisonous,https://rogersmushrooms.com/gallery/DisplayBlock_bid_6001_gid__source_gallerydefault.html
Helvella elastica,Inedible,edible,https://rogersmushrooms.com/gallery/DisplayBlock_bid_6324_gid__source_gallerydefault.html
Helvella lacunosa,Inedible,edible,https://rogersmushrooms.com/gallery/DisplayBlock_bid_6003_gid__source_gallerydefault.html
Hemimycena lactea,Inedible,edible,https://rogersmushrooms.com/gallery/DisplayBlock_bid_6005_gid__source_gallerydefault.html
Hericium erinaceus,Edible,edible,https://rogersmushrooms.com/gallery/DisplayBlock_bid_6107_gid__source_gallerydefault.html
Hericium ramosum,Edible,edible,https://rogersmushrooms.com/gallery/DisplayBlock_bid_6108_gid__source_gallerydefault.html
Heterobasidion annosum,Inedible,edible,https://rogersmushrooms.com/gallery/DisplayBlock_bid_6109_gid__source_gallerydefault.html
Hirschioporus abietinus,Inedible,edible,https://rogersmushrooms.com/gallery/DisplayBlock_bid_6111_gid__source_gallerydefault.html
Humaria hemisphaerica,Inedible,edible,https://rogersmushrooms.com/gallery/DisplayBlock_bid_6113_gid__source_gallerydefault.html
Hydnellum aurantiacum,Inedible,edible,https://rogersmushrooms.com/gallery/DisplayBlock_bid_6114_gid__source_gallerydefault.html
Hydnellum caeruleum,Inedible,edible,https://rogersmushrooms.com/gallery/DisplayBlock_bid_6115_gid__source_gallerydefault.html
Hydnellum concrescens,Inedible,edible,https://rogersmushrooms.com/gallery/DisplayBlock_bid_6116_gid__source_gallerydefault.html
Hydnellum geogenium,Inedible,edible,https://rogersmushrooms.com/gallery/DisplayBlock_bid_6117_gid__source_gallerydefault.html
Hydnellum mirabile,Inedible,edible,https://rogersmushrooms.com/gallery/DisplayBlock_bid_6118_gid__source_gallerydefault.html
Hydnellum pineticola,Inedible,edible,https://rogersmushrooms.com/gallery/DisplayBlock_bid_6120_gid__source_gallerydefault.html
Hydnellum regium,Inedible,edible,https://rogersmushrooms.com/gallery/DisplayBlock_bid_6121_gid__source_gallerydefault.html
Hydnellum spongiosipes,Inedible,edible,https://rogersmushrooms.com/gallery/DisplayBlock_bid_6123_gid__source_gallerydefault.html
Hydnellum suaveolens,Inedible,edible,https://rogersmushrooms.com/gallery/DisplayBlock_bid_6124_gid__source_gallerydefault.html
Hydnochaete olivacea,Inedible,edible,https://rogersmushrooms.com/gallery/DisplayBlock_bid_6125_gid__source_gallerydefault.html
Hydnotria tulasnei,Inedible,edible,https://rogersmushrooms.com/gallery/DisplayBlock_bid_6932_gid__source_gallerydefault.html
Hydnum repandum,Choice,edible,https://rogersmushrooms.com/gallery/DisplayBlock_bid_6126_gid__source_gallerydefault.html
Hydnum rufescens,Choice,edible,https://rogersmushrooms.com/gallery/DisplayBlock_bid_6127_gid__source_gallerydefault.html
Hydnum umbilicatum,Edible,edible,https://rogersmushrooms.com/gallery/DisplayBlock_bid_6131_gid__source_gallerydefault.html
Ileodictyon cibarium,Inedible,edible,https://rogersmushrooms.com/gallery/DisplayBlock_bid_12035_gid__source_gallerydefault.html
Inocybe adaequata,Poisonous/Suspect,poisonous,https://rogersmushrooms.com/gallery/DisplayBlock_bid_6968_gid__source_gallerydefault.html
Inocybe atripes,Poisonous/Suspect,poisonous,https://rogersmushrooms.com/gallery/DisplayBlock_bid_6421_gid__source_gallerydefault.html
Inocybe caesariata,Poisonous/Suspect,poisonous,https://rogersmushrooms.com/gallery/DisplayBlock_bid_6423_gid__source_gallerydefault.html
Inocybe calamistrata,Poisonous/Suspect,poisonous,https://rogersmushrooms.com/gallery/DisplayBlock_bid_6425_gid__source_gallerydefault.html
Inocybe calospora,Poisonous/Suspect,poisonous,https://rogersmushrooms.com/gallery/DisplayBlock_bid_6426_gid__source_gallerydefault.html
Inocybe cincinnata,Poisonous/Suspect,poisonous,https://rogersmushrooms.com/gallery/DisplayBlock_bid_6427_gid__source_gallerydefault.html
Inocybe cookei,Poisonous/Suspect,poisonous,https://rogersmushrooms.com/gallery/DisplayBlock_bid_6428_gid__source_gallerydefault.html
Inocybe corydalina,Poisonous/Suspect,poisonous,https://rogersmushrooms.com/gallery/DisplayBlock_bid_6429_gid__source_gallerydefault.html
Inocybe dulcamara,Poisonous/Suspect,poisonous,https://rogersmushrooms.com/gallery/DisplayBlock_bid_6430_gid__source_gallerydefault.html
Inocybe fastigiata,Poisonous/Suspect,poisonous,https://rogersmushrooms.com/gallery/DisplayBlock_bid_6432_gid__source_gallerydefault.html
Inocybe flocculosa,Poisonous/Suspect,poisonous,https://rogersmushrooms.com/gallery/DisplayBlock_bid_6435_gid__source_gallerydefault.html
Inocybe geophylla,Poisonous/Suspect,poisonous,https://rogersmushrooms.com/gallery/DisplayBlock_bid_6436_gid__source_gallerydefault.html
Inocybe grammata,Poisonous/Suspect,poisonous,https://rogersmushrooms.com/gallery/DisplayBlock_bid_6439_gid__source_gallerydefault.html
Inocybe griseolilacina,Poisonous/Suspect,poisonous,https://rogersmushrooms.com/gallery/DisplayBlock_bid_6440_gid__source_gallerydefault.html
Inocybe jurana,Poisonous/Suspect,poisonous,https://rogersmushrooms.com/gallery/DisplayBlock_bid_6443_gid__source_gallerydefault.html
Inocybe lacera,Poisonous/Suspect,poisonous,https://rogersmushrooms.com/gallery/DisplayBlock_bid_6444_gid__source_gallerydefault.html
Inocybe lanuginosa,Poisonous/Suspect,poisonous,https://rogersmushrooms.com/gallery/DisplayBlock_bid_6446_gid__source_gallerydefault.html
Inocybe longicystis,Poisonous/Suspect,poisonous,https://rogersmushrooms.com/gallery/DisplayBlock_bid_6447_gid__source_gallerydefault.html
Inocybe maculata,Poisonous/Suspect,poisonous,https://rogersmushrooms.com/gallery/DisplayBlock_bid_6448_gid__source_gallerydefault.html
Inocybe margaritispora,Poisonous/Suspect,poisonous,https://rogersmushrooms.com/gallery/DisplayBlock_bid_6449_gid__source_gallerydefault.html
Inocybe petiginosa,Poisonous/Suspect,poisonous,https://rogersmushrooms.com/gallery/DisplayBlock_bid_6452_gid__source_gallerydefault.html
Inocybe praetervisa,Poisonous/Suspect,poisonous,https://rogersmushrooms.com/gallery/DisplayBlock_bid_6453_gid__source_gallerydefault.html
Inocybe pyriodora,Poisonous/Suspect,poisonous,https://rogersmushrooms.com/gallery/DisplayBlock_bid_6454_gid__source_gallerydefault.html
Inocybe rimosoides,Poisonous/Suspect,poisonous,https://rogersmushrooms.com/gallery/DisplayBlock_bid_6455_gid__source_gallerydefault.html
Kuehneromyces mutabilis,Edible,edible,https://rogersmushrooms.com/gallery/DisplayBlock_bid_5936_gid__source_gallerydefault.html
Macowanites luteolus,Inedible,edible,https://rogersmushrooms.com/gallery/DisplayBlock_bid_6380_gid__source_gallerydefault.html
Macrocystidia cucumis,Inedible,edible,https://rogersmushrooms.com/gallery/DisplayBlock_bid_6943_gid__source_gallerydefault.html
Macrolepiota procera,Choice,edible,https://rogersmushrooms.com/gallery/DisplayBlock_bid_6935_gid__source_gallerydefault.html
Macrolepiota procera,Choice,edible,https://rogersmushrooms.com/gallery/DisplayBlock_bid_6312_gid__source_gallerydefault.html
Macrolepiota rhacodes,Choice,edible,https://rogersmushrooms.com/gallery/DisplayBlock_bid_6386_gid__source_gallerydefault.html
Macroscyphus macropus,Inedible,edible,https://rogersmushrooms.com/gallery/DisplayBlock_bid_6381_gid__source_gallerydefault.html
Macroscyphus macropus,Inedible,edible,https://rogersmushrooms.com/gallery/DisplayBlock_bid_6004_gid__source_gallerydefault.html
Macrotyphula juncea,Inedible,edible,https://rogersmushrooms.com/gallery/DisplayBlock_bid_6387_gid__source_gallerydefault.html
Marasmiellus nigripes,Inedible,edible,https://rogersmushrooms.com/gallery/DisplayBlock_bid_6389_gid__source_gallerydefault.html
Marasmiellus ramealis,Inedible,edible,https://rogersmushrooms.com/gallery/DisplayBlock_bid_6390_gid__source_gallerydefault.html
Marasmiellus vaillantii,Inedible,edible,https://rogersmushrooms.com/gallery/DisplayBlock_bid_6391_gid__source_gallerydefault.html
Marasmius alliaceus,Inedible,edible,https://rogersmushrooms.com/gallery/DisplayBlock_bid_6392_gid__source_gallerydefault.html
Marasmius androsaceus,Inedible,edible,https://rogersmushrooms.com/gallery/DisplayBlock_bid_6393_gid__source_gallerydefault.html
Marasmius cohaerens,Inedible,edible,https://rogersmushrooms.com/gallery/DisplayBlock_bid_6394_gid__source_gallerydefault.html
Marasmius cystidiosus,Inedible,edible,https://rogersmushrooms.com/gallery/DisplayBlock_bid_6395_gid__source_gallerydefault.html
Marasmius delectans,Inedible,edible,https://rogersmushrooms.com/gallery/DisplayBlock_bid_6396_gid__source_gallerydefault.html
Marasmius epiphyllus,Inedible,edible,https://rogersmushrooms.com/gallery/DisplayBlock_bid_6397_gid__source_gallerydefault.html
Marasmius olidus,Inedible,edible,https://rogersmushrooms.com/gallery/DisplayBlock_bid_6398_gid__source_gallerydefault.html
Marasmius oreades,Choice,edible,https://rogersmushrooms.com/gallery/DisplayBlock_bid_6399_gid__source_gallerydefault.html
Marasmius rotula,Inedible,edible,https://rogersmushrooms.com/gallery/DisplayBlock_bid_6400_gid__source_gallerydefault.html
Marasmius siccus,Inedible,edible,https://rogersmushrooms.com/gallery/DisplayBlock_bid_6402_gid__source_gallerydefault.html
Marasmius strictipes,Inedible,edible,https://rogersmushrooms.com/gallery/DisplayBlock_bid_6403_gid__source_gallerydefault.html
Marasmius sullivanti,Inedible,edible,https://rogersmushrooms.com/gallery/DisplayBlock_bid_6404_gid__source_gallerydefault.html
Marasmius undatus,Inedible,edible,https://rogersmushrooms.com/gallery/DisplayBlock_bid_6405_gid__source_gallerydefault.html
Melanoleuca alboflavida,Edible,edible,https://rogersmushrooms.com/gallery/DisplayBlock_bid_6407_gid__source_gallerydefault.html
Melanoleuca arcuata,Inedible,edible,https://rogersmushrooms.com/gallery/DisplayBlock_bid_6408_gid__source_gallerydefault.html
Melanoleuca cognata,Edible,edible,https://rogersmushrooms.com/gallery/DisplayBlock_bid_6409_gid__source_gallerydefault.html
Melanoleuca grammopodia,Edible,edible,https://rogersmushrooms.com/gallery/DisplayBlock_bid_6410_gid__source_gallerydefault.html
Melanoleuca polioleuca,Edible,edible,https://rogersmushrooms.com/gallery/DisplayBlock_bid_6411_gid__source_gallerydefault.html
Melanoleuca strictipes,Edible,edible,https://rogersmushrooms.com/gallery/DisplayBlock_bid_6412_gid__source_gallerydefault.html
Melanoleuca turrita,Inedible,edible,https://rogersmushrooms.com/gallery/DisplayBlock_bid_6944_gid__source_gallerydefault.html
Melanophyllum echinatum,Inedible,edible,https://rogersmushrooms.com/gallery/DisplayBlock_bid_6414_gid__source_gallerydefault.html
Naucoria bohemica,Inedible,edible,https://rogersmushrooms.com/gallery/DisplayBlock_bid_6519_gid__source_gallerydefault.html
Naucoria centunculus,Inedible,edible,https://rogersmushrooms.com/gallery/DisplayBlock_bid_6520_gid__source_gallerydefault.html
Naucoria escharoides,Inedible,edible,https://rogersmushrooms.com/gallery/DisplayBlock_bid_6521_gid__source_gallerydefault.html
Naucoria scolecina,Inedible,edible,https://rogersmushrooms.com/gallery/DisplayBlock_bid_6522_gid__source_gallerydefault.html
Neolecta irregularis,Inedible,edible,https://rogersmushrooms.com/gallery/DisplayBlock_bid_6528_gid__source_gallerydefault.html
Neolentinus schaefferi,Edible,edible,https://rogersmushrooms.com/gallery/DisplayBlock_bid_12060_gid__source_gallerydefault.html
Neottiella rutilans,Inedible,edible,https://rogersmushrooms.com/gallery/DisplayBlock_bid_6529_gid__source_gallerydefault.html
Nidula candida,,unknown,https://rogersmushrooms.com/gallery/DisplayBlock_bid_6530_gid__source_gallerydefault.html
Nidularia farcata,Inedible,edible,https://rogersmushrooms.com/gallery/DisplayBlock_bid_6531_gid__source_gallerydefault.html
Nolanea cetrata,Inedible,edible,https://rogersmushrooms.com/gallery/DisplayBlock_bid_6532_gid__source_gallerydefault.html
Nolanea farinolens,Inedible,edible,https://rogersmushrooms.com/gallery/DisplayBlock_bid_6533_gid__source_gallerydefault.html
Nolanea hirtipes,Inedible,edible,https://rogersmushrooms.com/gallery/DisplayBlock_bid_6534_gid__source_gallerydefault.html
Nolanea lucida,Inedible,edible,https://rogersmushrooms.com/gallery/DisplayBlock_bid_6535_gid__source_gallerydefault.html
Nolanea staurospora,Inedible,edible,https://rogersmushrooms.com/gallery/DisplayBlock_bid_6536_gid__source_gallerydefault.html
Oligoporus caesius,Inedible,edible,https://rogersmushrooms.com/gallery/DisplayBlock_bid_6537_gid__source_gallerydefault.html
Oligoporus fragilis,Inedible,edible,https://rogersmushrooms.com/gallery/DisplayBlock_bid_6538_gid__source_gallerydefault.html
Omphalina ectypoides,Inedible,edible,https://rogersmushrooms.com/gallery/DisplayBlock_bid_6540_gid__source_gallerydefault.html
Omphalina ericetorum,Inedible,edible,https://rogersmushrooms.com/gallery/DisplayBlock_bid_6541_gid__source_gallerydefault.html
Omphalina griseopallida,Inedible,edible,https://rogersmushrooms.com/gallery/DisplayBlock_bid_6542_gid__source_gallerydefault.html
Omphalina luteovitellina,Inedible,edible,https://rogersmushrooms.com/gallery/DisplayBlock_bid_6543_gid__source_gallerydefault.html
Omphalina postii,,unknown,https://rogersmushrooms.com/gallery/DisplayBlock_bid_6544_gid__source_gallerydefault.html
Omphalina pyxidata,Inedible,edible,https://rogersmushrooms.com/gallery/DisplayBlock_bid_6545_gid__source_gallerydefault.html
Omphalina wynniae,Inedible,edible,https://rogersmushrooms.com/gallery/DisplayBlock_bid_6546_gid__source_gallerydefault.html
Otidea alutacea,Inedible,edible,https://rogersmushrooms.com/gallery/DisplayBlock_bid_6549_gid__source_gallerydefault.html
Otidea cochleata,Inedible,edible,https://rogersmushrooms.com/gallery/DisplayBlock_bid_6551_gid__source_gallerydefault.html
Otidea grandis,Inedible,edible,https://rogersmushrooms.com/gallery/DisplayBlock_bid_6552_gid__source_gallerydefault.html
Otidea onotica,Inedible,edible,https://rogersmushrooms.com/gallery/DisplayBlock_bid_6553_gid__source_gallerydefault.html
Oudemansiella mucida,Edible,edible,https://rogersmushrooms.com/gallery/DisplayBlock_bid_6555_gid__source_gallerydefault.html
Oudemansiella radicata,Inedible,edible,https://rogersmushrooms.com/gallery/DisplayBlock_bid_6556_gid__source_gallerydefault.html
Oxyporus populinus,Inedible,edible,https://rogersmushrooms.com/gallery/DisplayBlock_bid_6554_gid__source_gallerydefault.html
Pachyella clypeata,Inedible,edible,https://rogersmushrooms.com/gallery/DisplayBlock_bid_6557_gid__source_gallerydefault.html
Panaeolina foenisecii,Inedible,edible,https://rogersmushrooms.com/gallery/DisplayBlock_bid_6558_gid__source_gallerydefault.html
Panaeolus ater,Inedible,edible,https://rogersmushrooms.com/gallery/DisplayBlock_bid_6567_gid__source_gallerydefault.html
Panaeolus campanulatus,Inedible,edible,https://rogersmushrooms.com/gallery/DisplayBlock_bid_6559_gid__source_gallerydefault.html
Panaeolus retirugis,Inedible,edible,https://rogersmushrooms.com/gallery/DisplayBlock_bid_6560_gid__source_gallerydefault.html
Panaeolus rickenii,Inedible,edible,https://rogersmushrooms.com/gallery/DisplayBlock_bid_6561_gid__source_gallerydefault.html
Panaeolus semiovatus,Inedible,edible,https://rogersmushrooms.com/gallery/DisplayBlock_bid_6562_gid__source_gallerydefault.html
Panaeolus speciosus,Inedible,edible,https://rogersmushrooms.com/gallery/DisplayBlock_bid_6564_gid__source_gallerydefault.html
Panaeolus sphinctrinus,Inedible,edible,https://rogersmushrooms.com/gallery/DisplayBlock_bid_6565_gid__source_gallerydefault.html
Panellus mitis,Inedible,edible,https://rogersmushrooms.com/gallery/DisplayBlock_bid_6568_gid__source_gallerydefault.html
Panellus serotinus,Edible,edible,https://rogersmushrooms.com/gallery/DisplayBlock_bid_6569_gid__source_gallerydefault.html
Panellus stypticus,Inedible,edible,https://rogersmushrooms.com/gallery/DisplayBlock_bid_6570_gid__source_gallerydefault.html
Panus strigosus,Inedible,edible,https://rogersmushrooms.com/gallery/DisplayBlock_bid_6571_gid__source_gallerydefault.html
Panus torulosus,Inedible,edible,https://rogersmushrooms.com/gallery/DisplayBlock_bid_6572_gid__source_gallerydefault.html
Paxillus atrotomentosus,Poisonous/Suspect,poisonous,https://rogersmushrooms.com/gallery/DisplayBlock_bid_6573_gid__source_gallerydefault.html
Paxillus involutus,Poisonous/Suspect,poisonous,https://rogersmushrooms.com/gallery/DisplayBlock_bid_6574_gid__source_gallerydefault.html
Paxillus panuoides,Inedible,edible,https://rogersmushrooms.com/gallery/DisplayBlock_bid_6575_gid__source_gallerydefault.html
Paxina acetabulum,Poisonous/Suspect,poisonous,https://rogersmushrooms.com/gallery/DisplayBlock_bid_6576_gid__source_gallerydefault.html
Paxina leucomelas,Poisonous/Suspect,poisonous,https://rogersmushrooms.com/gallery/DisplayBlock_bid_6577_gid__source_gallerydefault.html
Peniophora lycii,Inedible,edible,https://rogersmushrooms.com/gallery/DisplayBlock_bid_6579_gid__source_gallerydefault.html
Peniophora quercina,Inedible,edible,https://rogersmushrooms.com/gallery/DisplayBlock_bid_6580_gid__source_gallerydefault.html
Peziza atrovinosa,Inedible,edible,https://rogersmushrooms.com/gallery/DisplayBlock_bid_6581_gid__source_gallerydefault.html
Peziza badia,Inedible,edible,https://rogersmushrooms.com/gallery/DisplayBlock_bid_6582_gid__source_gallerydefault.html
Peziza badioconfusa,Edible,edible,https://rogersmushrooms.com/gallery/DisplayBlock_bid_6583_gid__source_gallerydefault.html
Peziza bovina,Inedible,edible,https://rogersmushrooms.com/gallery/DisplayBlock_bid_6584_gid__source_gallerydefault.html
Peziza cerea,Inedible,edible,https://rogersmushrooms.com/gallery/DisplayBlock_bid_6585_gid__source_gallerydefault.html
Peziza domiciliana,Inedible,edible,https://rogersmushrooms.com/gallery/DisplayBlock_bid_6586_gid__source_gallerydefault.html
Peziza petersii,Inedible,edible,https://rogersmushrooms.com/gallery/DisplayBlock_bid_6588_gid__source_gallerydefault.html
Peziza praetervisa,Inedible,edible,https://rogersmushrooms.com/gallery/DisplayBlock_bid_6589_gid__source_gallerydefault.html
Peziza repanda,Inedible,edible,https://rogersmushrooms.com/gallery/DisplayBlock_bid_6591_gid__source_gallerydefault.html
Peziza succosa,Inedible,edible,https://rogersmushrooms.com/gallery/DisplayBlock_bid_6592_gid__source_gallerydefault.html
Phaeocollvbia kauffmanii,Inedible,edible,https://rogersmushrooms.com/gallery/DisplayBlock_bid_6597_gid__source_gallerydefault.html
Phaeocollybia christinae,Inedible,edible,https://rogersmushrooms.com/gallery/DisplayBlock_bid_6595_gid__source_gallerydefault.html
Sarcoscypha coccinea,Edible,edible,https://rogersmushrooms.com/gallery/DisplayBlock_bid_6761_gid__source_gallerydefault.html
Sarcoscypha occidentalis,Inedible,edible,https://rogersmushrooms.com/gallery/DisplayBlock_bid_6753_gid__source_gallerydefault.html
Sarcosoma mexicana,Inedible,edible,https://rogersmushrooms.com/gallery/DisplayBlock_bid_6762_gid__source_gallerydefault.html
Sarcosphaera crassa,Inedible,edible,https://rogersmushrooms.com/gallery/DisplayBlock_bid_6763_gid__source_gallerydefault.html
Schizophyllum commune,Inedible,edible,https://rogersmushrooms.com/gallery/DisplayBlock_bid_6764_gid__source_gallerydefault.html
Scleroderma areolatum,Inedible,edible,https://rogersmushrooms.com/gallery/DisplayBlock_bid_6766_gid__source_gallerydefault.html
Scleroderma cepa,Poisonous/Suspect,poisonous,https://rogersmushrooms.com/gallery/DisplayBlock_bid_6767_gid__source_gallerydefault.html
Scleroderma geaster,Inedible,edible,https://rogersmushrooms.com/gallery/DisplayBlock_bid_6769_gid__source_gallerydefault.html
Scleroderma verrucosum,Inedible,edible,https://rogersmushrooms.com/gallery/DisplayBlock_bid_6770_gid__source_gallerydefault.html
Sclerotinia tuberosa,Inedible,edible,https://rogersmushrooms.com/gallery/DisplayBlock_bid_6772_gid__source_gallerydefault.html
Scutellinia scutellata,Inedible,edible,https://rogersmushrooms.com/gallery/DisplayBlock_bid_6773_gid__source_gallerydefault.html
Scutellinia umbrarum,Inedible,edible,https://rogersmushrooms.com/gallery/DisplayBlock_bid_6774_gid__source_gallerydefault.html
Sebacina incrustans,Inedible,edible,https://rogersmushrooms.com/gallery/DisplayBlock_bid_6775_gid__source_gallerydefault.html
Sparassis herbstii,Edible,edible,https://rogersmushrooms.com/gallery/DisplayBlock_bid_6781_gid__source_gallerydefault.html
Sphaerobolus stellatus,Inedible,edible,https://rogersmushrooms.com/gallery/DisplayBlock_bid_6783_gid__source_gallerydefault.html
Spongipellis pachyodon,Inedible,edible,https://rogersmushrooms.com/gallery/DisplayBlock_bid_6784_gid__source_gallerydefault.html
Spongipellis spumeus,Inedible,edible,https://rogersmushrooms.com/gallery/DisplayBlock_bid_6785_gid__source_gallerydefault.html
Staheliomyces cinctus,Inedible,edible,https://rogersmushrooms.com/gallery/DisplayBlock_bid_12050_gid__source_gallerydefault.html
Stereum gausapatum,Inedible,edible,https://rogersmushrooms.com/gallery/DisplayBlock_bid_6789_gid__source_gallerydefault.html
Stereum ostrea,Inedible,edible,https://rogersmushrooms.com/gallery/DisplayBlock_bid_6791_gid__source_gallerydefault.html
Stereum rugosum,Inedible,edible,https://rogersmushrooms.com/gallery/DisplayBlock_bid_6792_gid__source_gallerydefault.html
Stereum striatum,Inedible,edible,https://rogersmushrooms.com/gallery/DisplayBlock_bid_6793_gid__source_gallerydefault.html
Strobilomyces confusus,Edible,edible,https://rogersmushrooms.com/gallery/DisplayBlock_bid_6794_gid__source_gallerydefault.html
Xeromphalina campanella,Inedible,edible,https://rogersmushrooms.com/gallery/DisplayBlock_bid_6917_gid__source_gallerydefault.html
Xeromphalina fulvipes,Inedible,edible,https://rogersmushrooms.com/gallery/DisplayBlock_bid_6918_gid__source_gallerydefault.html
Xeromphalina tenuipes,Inedible,edible,https://rogersmushrooms.com/gallery/DisplayBlock_bid_6919_gid__source_gallerydefault.html
Xerula furfuracea,Edible,edible,https://rogersmushrooms.com/gallery/DisplayBlock_bid_6920_gid__source_gallerydefault.html
Xerula megalospora,Inedible,edible,https://rogersmushrooms.com/gallery/DisplayBlock_bid_6921_gid__source_gallerydefault.html
Xerula rubrobrunnescens,Inedible,edible,https://rogersmushrooms.com/gallery/DisplayBlock_bid_6922_gid__source_gallerydefault.html
Xylaria carpophila,Inedible,edible,https://rogersmushrooms.com/gallery/DisplayBlock_bid_6923_gid__source_gallerydefault.html
Xylaria hypoxylon,Inedible,edible,https://rogersmushrooms.com/gallery/DisplayBlock_bid_6924_gid__source_gallerydefault.html
Xylaria polymorpha,Inedible,edible,https://rogersmushrooms.com/gallery/DisplayBlock_bid_6926_gid__source_gallerydefault.html
